이름,가격 요약(자동),가슴,구매가,구매일,높이,다리길이,둘레길이,렌즈길이,밑단,밑위,보유,브랜드,브릿지길이,사이즈 요약,상위 카테고리,색상,소매,신발 사이즈,어깨,옵션,정가,제품 요약(자동),챙길이,총장,최종 편집 일시,카테고리,폭,허리,허벅지
"브러시드 저지 모크넥T WINE ","39,900원  (39,900원)",55.5,"39,900",2023년 10월 19일,,,,,,,Yes,유니클로,,총장 69 / 어깨 50.5 / 가슴 55.5,상의 (https://www.notion.so/157abb41507c80f8896cd93d2dfc690d?pvs=21),브라운,,,50.5,M,"39,900",유니클로 / M,,69,2025년 1월 2일 오후 1:55,티셔츠 (긴팔) (https://www.notion.so/157abb41507c80b68f57ffeaac3e6556?pvs=21),,,
"STRIPE CREW PANEL LONG SLEEVES ","68,000원  (68,000원)",57,"68,000",2023년 10월 11일,,,,,,,Yes,인더로우,,총장 70 / 어깨 55 / 가슴 57 / 소매 59,상의 (https://www.notion.so/157abb41507c80f8896cd93d2dfc690d?pvs=21),화이트,59,,55,2,"68,000",인더로우 / 2,,70,2025년 1월 2일 오전 11:04,티셔츠 (긴팔) (https://www.notion.so/157abb41507c80b68f57ffeaac3e6556?pvs=21),,,
"웜 모크넥 티셔츠 베이지 MWTS7122 ","14,300원  (39,900원)",59,"14,300",2023년 10월 16일,,,,,,,Yes,마인드브릿지,,총장 69 / 어깨 47 / 가슴 59 / 소매 60,상의 (https://www.notion.so/157abb41507c80f8896cd93d2dfc690d?pvs=21),베이지,60,,47,100,"39,900",마인드브릿지 / 100,,69,2025년 1월 2일 오전 11:38,티셔츠 (긴팔) (https://www.notion.so/157abb41507c80b68f57ffeaac3e6556?pvs=21),,,
"BASIC STRIPE L/S T-SHIRT (OFF WHITE) ","45,000원  (58,000원)",57,"45,000",2023년 5월 9일,,,,,,,Yes,네이더스,,총장 68 / 어깨 48 / 가슴 57 / 소매 60,상의 (https://www.notion.so/157abb41507c80f8896cd93d2dfc690d?pvs=21),블랙,60,,48,3,"58,000",네이더스 / 3,,68,2025년 1월 2일 오전 11:08,티셔츠 (긴팔) (https://www.notion.so/157abb41507c80b68f57ffeaac3e6556?pvs=21),,,
폰테 모크 넥 긴팔 티셔츠 블랙,"10,800원  (26,900원)",57.5,"10,800",2023년 10월 28일,,,,,,,Yes,무신사스탠다드,,총장 73.5 / 어깨 50 / 가슴 57.5 / 소매 60,상의 (https://www.notion.so/157abb41507c80f8896cd93d2dfc690d?pvs=21),블랙,60,,50,L,"26,900",무신사스탠다드 / L,,73.5,2024년 12월 11일 오전 10:10,티셔츠 (긴팔) (https://www.notion.so/157abb41507c80b68f57ffeaac3e6556?pvs=21),,,
브러시드 저지 모크넥T NATURAL,"39,900원  (39,900원)",55.5,"39,900",2023년 10월 19일,,,,,,,Yes,유니클로,,총장 69 / 어깨 50.5 / 가슴 55.5,상의 (https://www.notion.so/157abb41507c80f8896cd93d2dfc690d?pvs=21),베이지,,,50.5,M,"39,900",유니클로 / M,,69,2025년 1월 2일 오후 1:55,티셔츠 (긴팔) (https://www.notion.so/157abb41507c80b68f57ffeaac3e6556?pvs=21),,,
폰테 크루 넥 긴팔 티셔츠 [블랙],"18,100원  (24,900원)",56.5,"18,100",2023년 3월 29일,,,,,,,Yes,무신사스탠다드,,총장 72.5 / 어깨 50 / 가슴 56.5 / 소매 59.5,상의 (https://www.notion.so/157abb41507c80f8896cd93d2dfc690d?pvs=21),블랙,59.5,,50,L,"24,900",무신사스탠다드 / L,,72.5,2025년 1월 2일 오전 11:18,티셔츠 (긴팔) (https://www.notion.so/157abb41507c80b68f57ffeaac3e6556?pvs=21),,,
프리미엄 CP20 오버핏 긴팔티 (블랙),"19,700원  (41,500원)",62,"19,700",2024년 9월 12일,,,,,,,Yes,리우아,,총장 70.5 / 어깨 56 / 가슴 62 / 소매 57,상의 (https://www.notion.so/157abb41507c80f8896cd93d2dfc690d?pvs=21),블랙,57,,56,M,"41,500",리우아 / M,,70.5,2024년 12월 11일 오전 11:27,티셔츠 (긴팔) (https://www.notion.so/157abb41507c80b68f57ffeaac3e6556?pvs=21),,,
레이어드 크루 넥 긴팔 티셔츠 [화이트],"16,383원  (19,900원)",56.5,"16,383",2023년 10월 28일,,,,,,,Yes,무신사스탠다드,,총장 76.3 / 어깨 50 / 가슴 56.5 / 소매 60,상의 (https://www.notion.so/157abb41507c80f8896cd93d2dfc690d?pvs=21),화이트,60,,50,L,"19,900",무신사스탠다드 / L,,76.3,2024년 12월 11일 오전 10:31,티셔츠 (긴팔) (https://www.notion.so/157abb41507c80b68f57ffeaac3e6556?pvs=21),,,
베네피셜 하이코튼 세미오버핏 긴팔티,"34,500원  (50,900원)",56.5,"34,500",2023년 9월 12일,,,,,,,Yes,리우아,,총장 69.5 / 어깨 50 / 가슴 56.5 / 소매 60,상의 (https://www.notion.so/157abb41507c80f8896cd93d2dfc690d?pvs=21),화이트,60,,50,M,"50,900",리우아 / M,,69.5,2025년 1월 2일 오전 11:35,티셔츠 (긴팔) (https://www.notion.so/157abb41507c80b68f57ffeaac3e6556?pvs=21),,,
베네피셜 하이코튼 세미오버핏 긴팔티,"34,500원  (50,900원)",58,"34,500",2024년 2월 12일,,,,,,,Yes,리우아,,총장 69.5 / 어깨 54 / 가슴 58 / 소매 58,상의 (https://www.notion.so/157abb41507c80f8896cd93d2dfc690d?pvs=21),블랙,58,,54,M,"50,900",리우아 / M,,69.5,2025년 1월 2일 오전 11:35,티셔츠 (긴팔) (https://www.notion.so/157abb41507c80b68f57ffeaac3e6556?pvs=21),,,
Pin Stripe Long Sleeve Camel,"75,000원  (75,000원)",61,"75,000",2024년 8월 14일,,,,,,,Yes,러프사이드,,총장 69 / 어깨 56.5 / 가슴 61 / 소매 58,상의 (https://www.notion.so/157abb41507c80f8896cd93d2dfc690d?pvs=21),브라운,58,,56.5,2,"75,000",러프사이드 / 2,,69,2025년 12월 27일 오후 1:33,티셔츠 (긴팔) (https://www.notion.so/157abb41507c80b68f57ffeaac3e6556?pvs=21),,,
BDU Jacket Black Denim,"258,000원  (268,000원)",62,"258,000",2024년 8월 14일,,,,,,,Yes,러프사이드,,총장 76 / 어깨 56.5 / 가슴 62 / 소매 61.5,아우터 (https://www.notion.so/158abb41507c80e49979ce187c70e9c8?pvs=21),블랙,61.5,,56.5,2,"268,000",러프사이드 / 2,,76,2025년 12월 27일 오후 1:31,재킷 (https://www.notion.so/158abb41507c8025ab86effb5db61d11?pvs=21),,,
폰테 크루 넥 긴팔 티셔츠 [오프 화이트],"17,900원  (24,900원)",56.5,"17,900",2023년 3월 29일,,,,,,,Yes,무신사스탠다드,,총장 72.5 / 어깨 50 / 가슴 56.5 / 소매 59.5,상의 (https://www.notion.so/157abb41507c80f8896cd93d2dfc690d?pvs=21),화이트,59.5,,50,L,"24,900",무신사스탠다드 / L,,72.5,2025년 1월 2일 오전 11:17,티셔츠 (긴팔) (https://www.notion.so/157abb41507c80b68f57ffeaac3e6556?pvs=21),,,
STRIPE CREW PANEL T SHIRT - WHITE,"54,000원  (54,000원)",57,"54,000",2023년 5월 9일,,,,,,,Yes,인더로우,,총장 70 / 어깨 55 / 가슴 57 / 소매 25,상의 (https://www.notion.so/157abb41507c80f8896cd93d2dfc690d?pvs=21),화이트,25,,55,2,"54,000",인더로우 / 2,,70,2025년 1월 2일 오전 11:08,티셔츠 (반팔) (https://www.notion.so/158abb41507c803f8190c880279ac614?pvs=21),,,
"07 TIPPED POLO SHIRT (ivory) ","75,000원  (95,000원)",58,"75,000",2023년 6월 5일,,,,,,,Yes,부기홀리데이,,총장 67.5 / 어깨 47 / 가슴 58 / 소매 24,상의 (https://www.notion.so/157abb41507c80f8896cd93d2dfc690d?pvs=21),베이지,24,,47,L,"95,000",부기홀리데이 / L,,67.5,2025년 1월 2일 오전 11:08,티셔츠 (반팔) (https://www.notion.so/158abb41507c803f8190c880279ac614?pvs=21),,,
23SS 수피마 쿨맥스 스탠다드핏 티셔츠,"40,300원  (49,800원)",57,"40,300",2023년 6월 27일,,,,,,,Yes,더니트컴퍼니,,총장 73 / 어깨 53 / 가슴 57 / 소매 24,상의 (https://www.notion.so/157abb41507c80f8896cd93d2dfc690d?pvs=21),"블랙, 화이트",24,,53,L,"49,800",더니트컴퍼니 / L,,73,2025년 1월 2일 오전 11:16,티셔츠 (반팔) (https://www.notion.so/158abb41507c803f8190c880279ac614?pvs=21),,,
"에센셜 쿨 코튼 2PACK 티셔츠 블랙, 화이트","37,900원  (49,000원)",57,"37,900",2021년 5월 14일,,,,,,,Yes,커버낫,,총장 71 / 어깨 52.5 / 가슴 57 / 소매 22.5,상의 (https://www.notion.so/157abb41507c80f8896cd93d2dfc690d?pvs=21),"블랙, 화이트",22.5,,52.5,L,"49,000",커버낫 / L,,71,2025년 1월 2일 오전 11:31,티셔츠 (반팔) (https://www.notion.so/158abb41507c803f8190c880279ac614?pvs=21),,,
[프리미엄 CP30] 세미오버핏 반팔티 (화이트),"13,100원  (34,500원)",57.5,"13,100",2024년 5월 12일,,,,,,,Yes,리우아,,총장 70.5 / 어깨 50.5 / 가슴 57.5 / 소매 25,상의 (https://www.notion.so/157abb41507c80f8896cd93d2dfc690d?pvs=21),화이트,25,,50.5,M,"34,500",리우아 / M,,70.5,2024년 12월 11일 오전 11:32,티셔츠 (반팔) (https://www.notion.so/158abb41507c803f8190c880279ac614?pvs=21),,,
"프리미엄 싱글 세미오버 핏 티셔츠 ","15,400원  (36,000원)",57,"15,400",2021년 5월 14일,,,,,,,Yes,이에스엔,,총장 71 / 어깨 52 / 가슴 57 / 소매 22,상의 (https://www.notion.so/157abb41507c80f8896cd93d2dfc690d?pvs=21),블루/네이비,22,,52,L,"36,000",이에스엔 / L,,71,2025년 1월 2일 오전 11:30,티셔츠 (반팔) (https://www.notion.so/158abb41507c803f8190c880279ac614?pvs=21),,,
프리미엄 싱글 세미오버 핏 티셔츠,"15,400원  (36,000원)",57,"15,400",2021년 5월 14일,,,,,,,Yes,이에스엔,,총장 71 / 어깨 52 / 가슴 57 / 소매 22,상의 (https://www.notion.so/157abb41507c80f8896cd93d2dfc690d?pvs=21),베이지,22,,52,L,"36,000",이에스엔 / L,,71,2025년 1월 2일 오전 11:30,티셔츠 (반팔) (https://www.notion.so/158abb41507c803f8190c880279ac614?pvs=21),,,
"(US) K87 포켓 반팔 티셔츠 카본헤더 ","24,300원  (64,000원)",58,"24,300",2023년 11월 22일,,,,,,,Yes,칼하트,,총장 79 / 어깨 53 / 가슴 58 / 소매 26,상의 (https://www.notion.so/157abb41507c80f8896cd93d2dfc690d?pvs=21),블랙,26,,53,M,"64,000",칼하트 / M,,79,2025년 1월 2일 오전 11:36,티셔츠 (반팔) (https://www.notion.so/158abb41507c803f8190c880279ac614?pvs=21),,,
"쿨탠다드 릴렉스 핏 크루 넥 반팔 티셔츠 크림 ","990원  (19,900원)",58,990,2023년 4월 29일,,,,,,,Yes,무신사스탠다드,,총장 71 / 어깨 53 / 가슴 58 / 소매 26,상의 (https://www.notion.so/157abb41507c80f8896cd93d2dfc690d?pvs=21),화이트,26,,53,L,"19,900",무신사스탠다드 / L,,71,2025년 1월 2일 오전 11:17,티셔츠 (반팔) (https://www.notion.so/158abb41507c803f8190c880279ac614?pvs=21),,,
에어리즘 크루넥T(반팔),"12,000원  (14,900원)",48.5,"12,000",2024년 10월 26일,,,,,,,Yes,유니클로,,총장 72 / 어깨 43 / 가슴 48.5,상의 (https://www.notion.so/157abb41507c80f8896cd93d2dfc690d?pvs=21),그레이/실버,,,43,L,"14,900",유니클로 / L,,72,2024년 12월 11일 오후 8:10,티셔츠 (반팔) (https://www.notion.so/158abb41507c803f8190c880279ac614?pvs=21),,,
TD5-SH06 옥스포드 버튼다운 셔츠-화이트,"54,100원  (63,700원)",64.5,"54,100",2023년 9월 2일,,,,,,,Yes,토마스모어,,총장 78 / 어깨 53 / 가슴 64.5 / 소매 60,상의 (https://www.notion.so/157abb41507c80f8896cd93d2dfc690d?pvs=21),화이트,60,,53,S,"63,700",토마스모어 / S,,78,2025년 1월 2일 오전 11:06,셔츠 (긴팔) (https://www.notion.so/158abb41507c80e1b73ece73be1c6cba?pvs=21),,,
The Classic white shirt S40 / L,"42,000원  (68,000원)",61,"42,000",2020년 10월 8일,,,,,,,Yes,다이아몬드레이라,,총장 77.5 / 어깨 57.5 / 가슴 61 / 소매 58,상의 (https://www.notion.so/157abb41507c80f8896cd93d2dfc690d?pvs=21),화이트,58,,57.5,L,"68,000",다이아몬드레이라 / L,,77.5,2025년 1월 2일 오전 11:32,셔츠 (긴팔) (https://www.notion.so/158abb41507c80e1b73ece73be1c6cba?pvs=21),,,
"케이블 니트 코튼 스웨터 베스트 ","219,000원  (219,000원)",50.5,"219,000",2023년 10월 10일,,,,,,,Yes,폴로랄프로렌,,총장 62 / 가슴 50.5,상의 (https://www.notion.so/157abb41507c80f8896cd93d2dfc690d?pvs=21),그레이/실버,,,,M,"219,000",폴로랄프로렌 / M,,62,2024년 12월 11일 오후 8:10,니트베스트 (https://www.notion.so/158abb41507c80d6a699c35efacc7578?pvs=21),,,
10 FAIR ISLE VEST CREAM,"108,800원  (128,000원)",56,"108,800",2023년 8월 30일,,,,,,,Yes,부기홀리데이,,총장 65 / 어깨 40 / 가슴 56,상의 (https://www.notion.so/157abb41507c80f8896cd93d2dfc690d?pvs=21),화이트,,,40,L,"128,000",부기홀리데이 / L,,65,2025년 1월 2일 오후 1:05,니트베스트 (https://www.notion.so/158abb41507c80d6a699c35efacc7578?pvs=21),,,
Harley CREWNECK SWEATER - ugie pearl,"185,300원  (218,000원)",,"185,300",2023년 10월 18일,,,,,,,Yes,홈그라운서플라이,,총장 66 / 어깨 57 / 소매 84,상의 (https://www.notion.so/157abb41507c80f8896cd93d2dfc690d?pvs=21),그레이/실버,84,,57,S,"218,000",홈그라운서플라이 / S,,66,2025년 1월 2일 오전 11:03,니트 (https://www.notion.so/158abb41507c80809756e5d92c3e0fb8?pvs=21),,,
Harley SHAGGY DOG CREWKNEC - MUSHROOM,"215,000원  (215,000원)",,"215,000",2023년 10월 16일,,,,,,,Yes,블랭크룸,,총장 65 / 어깨 57 / 소매 85,상의 (https://www.notion.so/157abb41507c80f8896cd93d2dfc690d?pvs=21),브라운,85,,57,M,"215,000",블랭크룸 / M,,65,2025년 1월 2일 오전 11:08,니트 (https://www.notion.so/158abb41507c80809756e5d92c3e0fb8?pvs=21),,,
SKIPPER JACKET ORANGE,"320,000원  (599,000원)",56,"320,000",2023년 9월 26일,,,,,,,Yes,안데르센안데르센,,총장 63 / 어깨 46 / 가슴 56 / 소매 60,상의 (https://www.notion.so/157abb41507c80f8896cd93d2dfc690d?pvs=21),오렌지,60,,46,L,"599,000",안데르센안데르센 / L,,63,2025년 1월 2일 오후 1:28,가디건 (https://www.notion.so/158abb41507c80a6960bf97b41bac13f?pvs=21),,,
Wool Cashmere Shawl Cardigan,"0원  (560,000원)",56,0,2014년 1월 1일,,,,,,,Yes,폴로랄프로렌,,총장 63 / 어깨 46 / 가슴 56 / 소매 60,상의 (https://www.notion.so/157abb41507c80f8896cd93d2dfc690d?pvs=21),베이지,60,,46,M,"560,000",폴로랄프로렌 / M,,63,2024년 12월 11일 오후 7:43,가디건 (https://www.notion.so/158abb41507c80a6960bf97b41bac13f?pvs=21),,,
모헤어 레트로 노르딕 가디건,"179,000원  (187,000원)",,"179,000",2024년 11월 17일,,,,,,,Yes,저널스탠다드,,총장 67 / 어깨 58.5 / 소매 81.8,상의 (https://www.notion.so/157abb41507c80f8896cd93d2dfc690d?pvs=21),"브라운, 오렌지",81.8,,58.5,M,"187,000",저널스탠다드 / M,,67,2024년 12월 11일 오전 10:29,가디건 (https://www.notion.so/158abb41507c80a6960bf97b41bac13f?pvs=21),,,
SKIPPER JACKET BLACK,"297,700원  (599,000원)",58,"297,700",2024년 11월 6일,,,,,,,Yes,안데르센안데르센,,총장 63 / 어깨 46 / 가슴 58 / 소매 60,상의 (https://www.notion.so/157abb41507c80f8896cd93d2dfc690d?pvs=21),블랙,60,,46,L,"599,000",안데르센안데르센 / L,,63,2024년 12월 11일 오전 10:28,가디건 (https://www.notion.so/158abb41507c80a6960bf97b41bac13f?pvs=21),,,
ESTATE RIB QUATER ZIP FULLOVER,"0원  (260,000원)",,0,2023년 4월 7일,,,,,,,Yes,폴로랄프로렌,,,상의 (https://www.notion.so/157abb41507c80f8896cd93d2dfc690d?pvs=21),베이지,,,,M,"260,000",폴로랄프로렌 / M,,,2025년 1월 2일 오후 1:59,집업 (https://www.notion.so/158abb41507c80d4bd06f12a7999f4ad?pvs=21),,,
ROY FULL ZIP KNIT PARKA 2 (KHAKI MELANGE),"179,000원  (210,000원)",58,"179,000",2023년 12월 4일,,,,,,,Yes,인더로우,,총장 68 / 어깨 50 / 가슴 58 / 소매 63,상의 (https://www.notion.so/157abb41507c80f8896cd93d2dfc690d?pvs=21),올리브/그린,63,,50,3,"210,000",인더로우 / 3,,68,2025년 1월 2일 오전 11:47,집업 (https://www.notion.so/158abb41507c80d4bd06f12a7999f4ad?pvs=21),,,
Fine Cotton cover zip Knit 블랙,"61,000원  (109,000원)",58,"61,000",2023년 11월 21일,,,,,,,Yes,소신,,총장 68 / 가슴 58,상의 (https://www.notion.so/157abb41507c80f8896cd93d2dfc690d?pvs=21),블랙,,,,M,"109,000",소신 / M,,68,2025년 1월 2일 오전 11:36,집업 (https://www.notion.so/158abb41507c80d4bd06f12a7999f4ad?pvs=21),,,
"Collared Half Zip Sweatshirts (Oatmeal) ","42,400원  (53,000원)",60,"42,400",2023년 11월 21일,,,,,,,Yes,소신,,총장 69 / 어깨 60 / 가슴 60,상의 (https://www.notion.so/157abb41507c80f8896cd93d2dfc690d?pvs=21),화이트,,,60,M,"53,000",소신 / M,,69,2025년 1월 2일 오전 11:36,스웨트셔츠 (https://www.notion.so/158abb41507c80ea8083cf96ea01df13?pvs=21),,,
프리미엄 솔리드 후드집업투웨이 오버핏 (멜란지그레이),"53,800원  (56,000원)",65,"53,800",2023년 9월 10일,,,,,,,Yes,퍼스널팩,,총장 69.5 / 어깨 56 / 가슴 65 / 소매 60,상의 (https://www.notion.so/157abb41507c80f8896cd93d2dfc690d?pvs=21),그레이/실버,60,,56,M,"56,000",퍼스널팩 / M,,69.5,2025년 1월 2일 오후 2:05,후디 (https://www.notion.so/158abb41507c803594f5d502d927351c?pvs=21),,,
"동행 SWEAT SHIRT BLUEBERRY ","78,000원  (78,000원)",61,"78,000",2023년 9월 24일,,,,,,,Yes,블랭크룸,,총장 69.5 / 가슴 61 / 소매 87.5,상의 (https://www.notion.so/157abb41507c80f8896cd93d2dfc690d?pvs=21),블루/네이비,87.5,,,1,"78,000",블랭크룸 / 1,,69.5,2025년 1월 2일 오전 11:04,스웨트셔츠 (https://www.notion.so/158abb41507c80ea8083cf96ea01df13?pvs=21),,,
"UNI NB X Ofr.paris 시그니처 후드 ","89,900원  (89,900원)",,"89,900",2022년 3월 22일,,,,,,,Yes,뉴발란스,,총장 64.5 / 어깨 48 / 소매 57.5,상의 (https://www.notion.so/157abb41507c80f8896cd93d2dfc690d?pvs=21),블루/네이비,57.5,,48,100,"89,900",뉴발란스 / 100,,64.5,2025년 1월 2일 오후 1:37,후디 (https://www.notion.so/158abb41507c803594f5d502d927351c?pvs=21),,,
08 VILLAGE VANGUARD HALF ZIP SWEATSHIRT (navy),"148,000원  (148,000원)",60,"148,000",2023년 8월 15일,,,,,,,Yes,부기홀리데이,,총장 67.5 / 어깨 51 / 가슴 60 / 소매 63,상의 (https://www.notion.so/157abb41507c80f8896cd93d2dfc690d?pvs=21),블루/네이비,63,,51,L,"148,000",부기홀리데이 / L,,67.5,2025년 1월 2일 오전 11:06,스웨트셔츠 (https://www.notion.so/158abb41507c80ea8083cf96ea01df13?pvs=21),,,
UNI 바시티 하프 집업,"94,000원  (99,000원)",,"94,000",2022년 12월 8일,,,,,,,Yes,뉴발란스,,,상의 (https://www.notion.so/157abb41507c80f8896cd93d2dfc690d?pvs=21),올리브/그린,,,,M,"99,000",뉴발란스 / M,,,2025년 1월 2일 오후 1:08,스웨트셔츠 (https://www.notion.so/158abb41507c80ea8083cf96ea01df13?pvs=21),,,
스웨트터틀넥셔츠 PURPLE,"49,900원  (49,900원)",57,"49,900",2023년 10월 19일,,,,,,,Yes,유니클로,,총장 66.5 / 가슴 57 / 소매 84,상의 (https://www.notion.so/157abb41507c80f8896cd93d2dfc690d?pvs=21),와인/퍼플,84,,,M,"49,900",유니클로 / M,,66.5,2025년 1월 2일 오후 1:55,스웨트셔츠 (https://www.notion.so/158abb41507c80ea8083cf96ea01df13?pvs=21),,,
23SS Writer Shirt (Almond Milk),"81,600원  (99,000원)",63.5,"81,600",2023년 7월 3일,,,,,,,Yes,어나더오피스,,총장 74 / 어깨 59 / 가슴 63.5 / 소매 26,상의 (https://www.notion.so/157abb41507c80f8896cd93d2dfc690d?pvs=21),베이지,26,,59,2,"99,000",어나더오피스 / 2,,74,2025년 1월 2일 오전 11:07,셔츠 (반팔) (https://www.notion.so/158abb41507c80c58a02c65ba80fcf37?pvs=21),,,
23SS Writer Shirt (Indigo),"84,000원  (99,000원)",63.5,"84,000",2023년 7월 12일,,,,,,,Yes,어나더오피스,,총장 74 / 어깨 59.5 / 가슴 63.5 / 소매 26,상의 (https://www.notion.so/157abb41507c80f8896cd93d2dfc690d?pvs=21),블루/네이비,26,,59.5,2,"99,000",어나더오피스 / 2,,74,2025년 1월 2일 오전 11:07,셔츠 (반팔) (https://www.notion.so/158abb41507c80c58a02c65ba80fcf37?pvs=21),,,
TYPEWRITER COMFORT SHIRT (GREIGE),"99,900원  (148,000원)",,"99,900",2023년 11월 15일,,,,,,,Yes,델디오,,총장 76 / 어깨 52 / 소매 61.5,상의 (https://www.notion.so/157abb41507c80f8896cd93d2dfc690d?pvs=21),베이지,61.5,,52,M,"148,000",델디오 / M,,76,2025년 1월 2일 오전 11:36,셔츠 (긴팔) (https://www.notion.so/158abb41507c80e1b73ece73be1c6cba?pvs=21),,,
헤링본 체크 셔츠 S47 헤이즐넛,"37,700원  (69,000원)",61,"37,700",2020년 10월 9일,,,,,,,Yes,다이아몬드레이라,,총장 77.5 / 어깨 57.5 / 가슴 61 / 소매 58,상의 (https://www.notion.so/157abb41507c80f8896cd93d2dfc690d?pvs=21),베이지,58,,57.5,L,"69,000",다이아몬드레이라 / L,,77.5,2025년 1월 2일 오전 11:31,셔츠 (긴팔) (https://www.notion.so/158abb41507c80e1b73ece73be1c6cba?pvs=21),,,
Vintage Black dot Stripe shirt S22,"40,500원  (85,000원)",61,"40,500",2021년 1월 1일,,,,,,,Yes,다이아몬드레이라,,총장 77.5 / 어깨 57.5 / 가슴 61 / 소매 58,상의 (https://www.notion.so/157abb41507c80f8896cd93d2dfc690d?pvs=21),베이지,58,,57.5,L,"85,000",다이아몬드레이라 / L,,77.5,2025년 1월 2일 오후 1:07,셔츠 (긴팔) (https://www.notion.so/158abb41507c80e1b73ece73be1c6cba?pvs=21),,,
Fluff Mood Check shirt S24 Brown,"38,400원  (85,000원)",61,"38,400",2021년 1월 1일,,,,,,,Yes,다이아몬드레이라,,총장 77.5 / 어깨 57.5 / 가슴 61 / 소매 60,상의 (https://www.notion.so/157abb41507c80f8896cd93d2dfc690d?pvs=21),베이지,60,,57.5,L,"85,000",다이아몬드레이라 / L,,77.5,2025년 1월 2일 오후 1:07,셔츠 (긴팔) (https://www.notion.so/158abb41507c80e1b73ece73be1c6cba?pvs=21),,,
스트라이프 셔츠 S46 스카이블루,"42,800원  (65,000원)",61,"42,800",2020년 10월 9일,,,,,,,Yes,다이아몬드레이라,,총장 77.5 / 어깨 57.5 / 가슴 61 / 소매 58,상의 (https://www.notion.so/157abb41507c80f8896cd93d2dfc690d?pvs=21),블루/네이비,58,,57.5,L,"65,000",다이아몬드레이라 / L,,77.5,2025년 1월 2일 오전 11:32,셔츠 (긴팔) (https://www.notion.so/158abb41507c80e1b73ece73be1c6cba?pvs=21),,,
Top of top 100/1 real typewriter shirt Sky Blue,"119,000원  (119,000원)",64.5,"119,000",2023년 8월 15일,,,,,,,Yes,모마디자인,,총장 78 / 어깨 54 / 가슴 64.5 / 소매 62,상의 (https://www.notion.so/157abb41507c80f8896cd93d2dfc690d?pvs=21),블루/네이비,62,,54,48,"119,000",모마디자인 / 48,,78,2025년 1월 2일 오전 11:37,셔츠 (긴팔) (https://www.notion.so/158abb41507c80e1b73ece73be1c6cba?pvs=21),,,
SUPIMA BAKER SHIRT_BLUEBERRY,"95,000원  (119,000원)",62,"95,000",2023년 10월 1일,,,,,,,Yes,블랭크룸,,총장 73 / 어깨 54 / 가슴 62 / 소매 59.5,상의 (https://www.notion.so/157abb41507c80f8896cd93d2dfc690d?pvs=21),블루/네이비,59.5,,54,1,"119,000",블랭크룸 / 1,,73,2025년 1월 2일 오후 2:11,셔츠 (긴팔) (https://www.notion.so/158abb41507c80e1b73ece73be1c6cba?pvs=21),,,
Cigarette pocket chambray shirt _ indigo,"71,800원  (89,000원)",62,"71,800",2023년 10월 19일,,,,,,,Yes,프리즘웍스,,총장 79 / 어깨 53 / 가슴 62 / 소매 59,상의 (https://www.notion.so/157abb41507c80f8896cd93d2dfc690d?pvs=21),블루/네이비,59,,53,M,"89,000",프리즘웍스 / M,,79,2025년 1월 2일 오전 11:14,셔츠 (긴팔) (https://www.notion.so/158abb41507c80e1b73ece73be1c6cba?pvs=21),,,
Linen Big Overfit Crayon Stripe Shirt S81 Lilac,"34,000원  (68,000원)",70,"34,000",2021년 11월 26일,,,,,,,Yes,다이아몬드레이라,,총장 78 / 어깨 57 / 가슴 70 / 소매 59,상의 (https://www.notion.so/157abb41507c80f8896cd93d2dfc690d?pvs=21),와인/퍼플,59,,57,M,"68,000",다이아몬드레이라 / M,,78,2025년 1월 2일 오전 11:23,셔츠 (긴팔) (https://www.notion.so/158abb41507c80e1b73ece73be1c6cba?pvs=21),,,
아트체크셔츠,"22,800원  (37,000원)",62,"22,800",2017년 1월 1일,,,,,,,No,기프트오리지널,,총장 74 / 어깨 55 / 가슴 62 / 소매 60,상의 (https://www.notion.so/157abb41507c80f8896cd93d2dfc690d?pvs=21),블랙,60,,55,M,"37,000",기프트오리지널 / M,,74,2025년 3월 16일 오전 11:25,셔츠 (긴팔) (https://www.notion.so/158abb41507c80e1b73ece73be1c6cba?pvs=21),,,
Relaxerd Corduroy Shirts (Dark Brown),"59,000원  (79,000원)",61.5,"59,000",2023년 12월 8일,,,,,,,Yes,스테디에브리웨어,,총장 76 / 어깨 54.5 / 가슴 61.5 / 소매 61,상의 (https://www.notion.so/157abb41507c80f8896cd93d2dfc690d?pvs=21),브라운,61,,54.5,3,"79,000",스테디에브리웨어 / 3,,76,2025년 1월 2일 오후 1:19,셔츠 (긴팔) (https://www.notion.so/158abb41507c80e1b73ece73be1c6cba?pvs=21),,,
Relaxerd Corduroy Shirts (Black),"59,000원  (79,000원)",61.5,"59,000",2023년 12월 31일,,,,,,,Yes,스테디에브리웨어,,총장 76 / 어깨 54.5 / 가슴 61.5 / 소매 61,상의 (https://www.notion.so/157abb41507c80f8896cd93d2dfc690d?pvs=21),블랙,61,,54.5,3,"79,000",스테디에브리웨어 / 3,,76,2025년 1월 2일 오후 1:20,셔츠 (긴팔) (https://www.notion.so/158abb41507c80e1b73ece73be1c6cba?pvs=21),,,
플란넬체크셔츠(긴팔·레귤러칼라)F,"39,900원  (39,900원)",60,"39,900",2023년 12월 16일,,,,,,,Yes,유니클로,,총장 75 / 어깨 50 / 가슴 60,상의 (https://www.notion.so/157abb41507c80f8896cd93d2dfc690d?pvs=21),블랙,,,50,L,"39,900",유니클로 / L,,75,2025년 1월 2일 오후 1:54,셔츠 (긴팔) (https://www.notion.so/158abb41507c80e1b73ece73be1c6cba?pvs=21),,,
Madison Ombre Check Shirt BLACK,"160,440원  (186,200원)",60,"160,440",2024년 9월 10일,,,,,,,Yes,홀리선,,총장 77 / 어깨 57 / 가슴 60 / 소매 62,상의 (https://www.notion.so/157abb41507c80f8896cd93d2dfc690d?pvs=21),블랙,62,,57,M,"186,200",홀리선 / M,,77,2024년 12월 11일 오전 10:10,셔츠 (긴팔) (https://www.notion.so/158abb41507c80e1b73ece73be1c6cba?pvs=21),,,
MARYAM GRAINY - 647 (a) VIBRAM,"269,500원  (389,000원)",,"269,500",2024년 2월 22일,,,,,,,Yes,킨치,,신발 사이즈 265,신발 (https://www.notion.so/158abb41507c801cb77bde899c7b4437?pvs=21),블랙,,265,,265,"389,000",킨치 / 265,,,2024년 12월 11일 오전 10:24,구두 (https://www.notion.so/158abb41507c80eaaa1dc74501ded78b?pvs=21),,,
ITALIAN WOOL SILK DOUBLE TIE (GREY),"60,800원  (97,200원)",,"60,800",2024년 11월 12일,,,,,,,Yes,델디오,,폭 6 / 총장 148,악세사리 (https://www.notion.so/158abb41507c801ca01ce7507f043e8c?pvs=21),블랙,,,,F,"97,200",델디오 / F,,148,2024년 12월 11일 오전 10:23,넥타이 (https://www.notion.so/158abb41507c80989bf7ef6e830d6559?pvs=21),6,,
"Longgrove Toggle Wool Hood Coat Melange Beige ","463,000원  (489,000원)",64,"463,000",2023년 11월 20일,,,,,,,Yes,홀리선,,총장 105 / 가슴 64 / 소매 88,아우터 (https://www.notion.so/158abb41507c80e49979ce187c70e9c8?pvs=21),브라운,88,,0,M,"489,000",홀리선 / M,,105,2025년 1월 2일 오전 11:03,코트 (https://www.notion.so/158abb41507c80af8993de9c9dbb6102?pvs=21),,,
"Raglan belted Coat ","758,000원  (758,000원)",65,"758,000",2023년 10월 23일,,,,,,,Yes,비앤테일러,,총장 115 / 가슴 65 / 소매 78,아우터 (https://www.notion.so/158abb41507c80e49979ce187c70e9c8?pvs=21),블루/네이비,78,,0,M,"758,000",비앤테일러 / M,,115,2025년 1월 2일 오전 11:44,코트 (https://www.notion.so/158abb41507c80af8993de9c9dbb6102?pvs=21),,,
Winterport Wool Coat Dark Navy,"419,300원  (475,000원)",64,"419,300",2024년 11월 20일,,,,,,,Yes,홀리선,,총장 112 / 가슴 64 / 소매 87,아우터 (https://www.notion.so/158abb41507c80e49979ce187c70e9c8?pvs=21),블랙,87,,0,M,"475,000",홀리선 / M,,112,2024년 12월 11일 오전 10:07,코트 (https://www.notion.so/158abb41507c80af8993de9c9dbb6102?pvs=21),,,
"WOOL CORDURA TAILORED JACKET (CHARCOAL GREY) ","201,100원  (298,000원)",114,"201,100",2023년 11월 14일,,,,,,,Yes,델디오,,총장 74 / 어깨 48.8 / 가슴 114 / 소매 61,아우터 (https://www.notion.so/158abb41507c80e49979ce187c70e9c8?pvs=21),그레이/실버,61,,48.8,M,"298,000",델디오 / M,,74,2025년 1월 2일 오전 11:37,블레이저 (https://www.notion.so/158abb41507c80ea8dc0e1212143ac28?pvs=21),,,
"스테이 블레이저 오트밀 ","86,400원  (108,000원)",58.5,"86,400",2021년 5월 14일,,,,,,,Yes,이드,,총장 73 / 어깨 49 / 가슴 58.5 / 소매 61,아우터 (https://www.notion.so/158abb41507c80e49979ce187c70e9c8?pvs=21),베이지,61,,49,M,"108,000",이드 / M,,73,2025년 1월 2일 오전 11:31,블레이저 (https://www.notion.so/158abb41507c80ea8dc0e1212143ac28?pvs=21),,,
Club Jacket Black,"278,000원  (278,000원)",120,"278,000",2024년 2월 19일,,,,,,,Yes,러프사이드,,총장 73 / 어깨 49.5 / 가슴 120 / 소매 61.5,아우터 (https://www.notion.so/158abb41507c80e49979ce187c70e9c8?pvs=21),블랙,61.5,,49.5,2,"278,000",러프사이드 / 2,,73,2025년 12월 27일 오후 1:31,블레이저 (https://www.notion.so/158abb41507c80ea8dc0e1212143ac28?pvs=21),,,
Vincent m1965 fishtail parka 004 _ taupe,"169,300원  (219,000원)",68,"169,300",2023년 9월 19일,,,,,,,Yes,프리즘웍스,,총장 109.5 / 어깨 57.5 / 가슴 68 / 소매 65,아우터 (https://www.notion.so/158abb41507c80e49979ce187c70e9c8?pvs=21),베이지,65,,57.5,M,"219,000",프리즘웍스 / M,,109.5,2025년 1월 2일 오전 11:15,야상 (https://www.notion.so/158abb41507c80e28bc9d1005dea3971?pvs=21),,,
10 MILITARY JACKET (olive),"252,800원  (288,000원)",57,"252,800",2023년 8월 30일,,,,,,,Yes,부기홀리데이,,총장 74.5 / 어깨 49 / 가슴 57 / 소매 61,아우터 (https://www.notion.so/158abb41507c80e49979ce187c70e9c8?pvs=21),올리브/그린,61,,49,L,"288,000",부기홀리데이 / L,,74.5,2025년 1월 2일 오전 11:06,야상 (https://www.notion.so/158abb41507c80e28bc9d1005dea3971?pvs=21),,,
Hill Parka Oatmeal,"196,200원  (218,000원)",0,"196,200",2024년 1월 6일,,,,,,,Yes,러프사이드,,총장 71 / 어깨 55 / 소매 60.5,아우터 (https://www.notion.so/158abb41507c80e49979ce187c70e9c8?pvs=21),화이트,60.5,,55,2,"218,000",러프사이드 / 2,,71,2025년 12월 27일 오후 1:32,야상 (https://www.notion.so/158abb41507c80e28bc9d1005dea3971?pvs=21),,,
TRIP JACKET 002,"68,600원  (199,000원)",64.5,"68,600",2022년 12월 1일,,,,,,,No,로우로우,,총장 71 / 가슴 64.5 / 소매 60.2,아우터 (https://www.notion.so/158abb41507c80e49979ce187c70e9c8?pvs=21),올리브/그린,60.2,,0,M,"199,000",로우로우 / M,,71,2025년 3월 16일 오전 11:24,야상 (https://www.notion.so/158abb41507c80e28bc9d1005dea3971?pvs=21),,,
PIONEER SELVEDGE DENIM JACKET / 원워시,"100,000원  (259,000원)",59,"100,000",2023년 11월 26일,,,,,,,Yes,데밀,,총장 65 / 어깨 52 / 가슴 59 / 소매 66.5,아우터 (https://www.notion.so/158abb41507c80e49979ce187c70e9c8?pvs=21),블루/네이비,66.5,,52,1,"259,000",데밀 / 1,,65,2025년 1월 2일 오전 11:14,재킷 (https://www.notion.so/158abb41507c8025ab86effb5db61d11?pvs=21),,,
"SEW Moleskin French Work Jacket (Navy Blue) ","237,100원  (269,000원)",62.5,"237,100",2023년 12월 1일,,,,,,,Yes,스테디에브리웨어,,총장 76 / 어깨 53.5 / 가슴 62.5 / 소매 61.5,아우터 (https://www.notion.so/158abb41507c80e49979ce187c70e9c8?pvs=21),블루/네이비,61.5,,53.5,2,"269,000",스테디에브리웨어 / 2,,76,2025년 1월 2일 오후 1:20,재킷 (https://www.notion.so/158abb41507c8025ab86effb5db61d11?pvs=21),,,
MA-1 JACKET_RAIN WOOD,"314,000원  (364,000원)",67.5,"314,000",2023년 12월 18일,,,,,,,Yes,블랭크룸,,총장 64 / 어깨 51 / 가슴 67.5 / 소매 66,아우터 (https://www.notion.so/158abb41507c80e49979ce187c70e9c8?pvs=21),브라운,66,,51,1,"364,000",블랭크룸 / 1,,64,2025년 1월 2일 오전 11:48,재킷 (https://www.notion.so/158abb41507c8025ab86effb5db61d11?pvs=21),,,
UNI N플라잉 웜업 자켓,"162,900원  (179,000원)",66,"162,900",2022년 9월 26일,,,,,,,Yes,뉴발란스,,총장 69 / 어깨 57 / 가슴 66,아우터 (https://www.notion.so/158abb41507c80e49979ce187c70e9c8?pvs=21),화이트,0,,57,L,"179,000",뉴발란스 / L,,69,2025년 1월 2일 오전 11:19,바람막이/플리스 (https://www.notion.so/158abb41507c80da85f5e999e3b9c547?pvs=21),,,
WARM+ UP QUILTING JACKET IVORY,"39,600원  (99,000원)",62,"39,600",2023년 6월 26일,,,,,,,Yes,예일,,총장 68 / 어깨 53 / 가슴 62 / 소매 62.5,아우터 (https://www.notion.so/158abb41507c80e49979ce187c70e9c8?pvs=21),베이지,62.5,,53,L,"99,000",예일 / L,,68,2025년 1월 2일 오전 11:16,바람막이/플리스 (https://www.notion.so/158abb41507c80da85f5e999e3b9c547?pvs=21),,,
"UNI 액티브 에어 후디 롱다운 자켓 ","159,000원  (429,000원)",60.5,"159,000",2023년 11월 7일,,,,,,,Yes,뉴발란스,,총장 108 / 가슴 60.5 / 소매 84,아우터 (https://www.notion.so/158abb41507c80e49979ce187c70e9c8?pvs=21),화이트,84,,0,M,"429,000",뉴발란스 / M,,108,2025년 1월 2일 오전 11:47,패딩 (https://www.notion.so/158abb41507c80ad86dbd9699ee643d4?pvs=21),,,
M-51 Puffer Down Jacket - Grey,"500,000원  (628,000원)",69,"500,000",2023년 12월 1일,,,,,,,Yes,유스,,총장 66.5 / 어깨 55.5 / 가슴 69 / 소매 61,아우터 (https://www.notion.so/158abb41507c80e49979ce187c70e9c8?pvs=21),그레이/실버,61,,55.5,S,"628,000",유스 / S,,66.5,2025년 1월 2일 오전 11:17,패딩 (https://www.notion.so/158abb41507c80ad86dbd9699ee643d4?pvs=21),,,
AUTHENTIC COMFORT HOOD SWEAT(24SS)_1%OATMEAL,"30,000원  (79,000원)",62,"30,000",2024년 8월 12일,,,,,,,Yes,아웃스탠딩,,총장 67.5 / 어깨 57.5 / 가슴 62 / 소매 62,상의 (https://www.notion.so/157abb41507c80f8896cd93d2dfc690d?pvs=21),그레이/실버,62,,57.5,L,"79,000",아웃스탠딩 / L,,67.5,2025년 1월 2일 오전 11:11,후디 (https://www.notion.so/158abb41507c803594f5d502d927351c?pvs=21),,,
Elastic cotton curved sleeve cardigan_Black,"121,500원  (159,000원)",63,"121,500",2024년 2월 23일,,,,,,,Yes,우마뭉,,총장 64 / 어깨 60.5 / 가슴 63 / 소매 58.5,상의 (https://www.notion.so/157abb41507c80f8896cd93d2dfc690d?pvs=21),블랙,58.5,,60.5,S,"159,000",우마뭉 / S,,64,2025년 1월 2일 오전 11:11,가디건 (https://www.notion.so/158abb41507c80a6960bf97b41bac13f?pvs=21),,,
레귤러 테이퍼드 치노 팬츠 블랙,"61,400원  (148,000원)",,"61,400",2023년 9월 28일,,,,,22,33.5,Yes,노드아카이브,,총장 105 / 허리 41 / 허벅지 36 / 밑위 33.5 / 밑단 22,하의 (https://www.notion.so/158abb41507c8034aaedd143c3db8dc9?pvs=21),블랙,,,,2,"148,000",노드아카이브 / 2,,105,2024년 12월 11일 오전 10:59,슬랙스 (https://www.notion.so/158abb41507c807e9fb1cdf0f9938f8d?pvs=21),,41,36
Rynoske Titanum Antique Silver,"115,000원  (158,000원)",,"115,000",2017년 12월 16일,,145,,50,,,Yes,애쉬크로프트,20,렌즈길이 50 / 브릿지길이 20 / 다리길이 145,악세사리 (https://www.notion.so/158abb41507c801ca01ce7507f043e8c?pvs=21),그레이/실버,,,,F,"158,000",애쉬크로프트 / F,,,2025년 1월 2일 오전 11:44,아이웨어 (https://www.notion.so/158abb41507c808fabcdd42113744feb?pvs=21),,,
TIA,"261,000원  (290,000원)",,"261,000",2024년 3월 9일,,148,,48,,,Yes,윤,21,렌즈길이 48 / 브릿지길이 21 / 다리길이 148,악세사리 (https://www.notion.so/158abb41507c801ca01ce7507f043e8c?pvs=21),그레이/실버,,,,F,"290,000",윤 / F,,,2025년 1월 2일 오후 1:08,아이웨어 (https://www.notion.so/158abb41507c808fabcdd42113744feb?pvs=21),,,
Harry C1,"0원  (289,000원)",,0,2021년 7월 22일,,148,,46,,,Yes,젠틀몬스터,24,렌즈길이 46 / 브릿지길이 24 / 다리길이 148,악세사리 (https://www.notion.so/158abb41507c801ca01ce7507f043e8c?pvs=21),화이트,,,,F,"289,000",젠틀몬스터 / F,,,2025년 1월 2일 오후 1:35,아이웨어 (https://www.notion.so/158abb41507c808fabcdd42113744feb?pvs=21),,,
Club Pants Black,"178,000원  (178,000원)",,"178,000",2024년 2월 19일,,,,,20,31,Yes,러프사이드,,총장 100 / 허리 42.5 / 허벅지 36 / 밑위 31 / 밑단 20,하의 (https://www.notion.so/158abb41507c8034aaedd143c3db8dc9?pvs=21),블랙,,,,2,"178,000",러프사이드 / 2,,100,2025년 12월 27일 오후 1:32,슬랙스 (https://www.notion.so/158abb41507c807e9fb1cdf0f9938f8d?pvs=21),,42.5,36
WOOL CORDURA TAPERED PANTS (CHARCOAL GREY),"113,400원  (168,000원)",,"113,400",2023년 11월 14일,,,,,21,0,Yes,델디오,,총장 100 / 허리 40.5 / 밑단 21,하의 (https://www.notion.so/158abb41507c8034aaedd143c3db8dc9?pvs=21),그레이/실버,,,,M,"168,000",델디오 / M,,100,2025년 1월 2일 오전 11:37,슬랙스 (https://www.notion.so/158abb41507c807e9fb1cdf0f9938f8d?pvs=21),,40.5,0
23AW Santiago Slacks (Charcoal),"132,600원  (156,000원)",,"132,600",2023년 9월 8일,,,,,25,33.5,Yes,어나더오피스,,총장 106.5 / 허리 42.5 / 허벅지 34.5 / 밑위 33.5 / 밑단 25,하의 (https://www.notion.so/158abb41507c8034aaedd143c3db8dc9?pvs=21),블랙,,,,2,"156,000",어나더오피스 / 2,,106.5,2025년 1월 2일 오전 11:05,슬랙스 (https://www.notion.so/158abb41507c807e9fb1cdf0f9938f8d?pvs=21),,42.5,34.5
23AW Santiago Slacks (Heather Gray),"132,600원  (156,000원)",,"132,600",2023년 9월 8일,,,,,25,33.5,Yes,어나더오피스,,총장 106.5 / 허리 42.5 / 허벅지 34.5 / 밑위 33.5 / 밑단 25,하의 (https://www.notion.so/158abb41507c8034aaedd143c3db8dc9?pvs=21),그레이/실버,,,,2,"156,000",어나더오피스 / 2,,106.5,2025년 1월 2일 오전 11:05,슬랙스 (https://www.notion.so/158abb41507c807e9fb1cdf0f9938f8d?pvs=21),,42.5,34.5
23AW Santiago Slacks (Mink),"132,600원  (156,000원)",,"132,600",2023년 12월 8일,,,,,25,33.5,Yes,어나더오피스,,총장 106.5 / 허리 42.5 / 허벅지 34.5 / 밑위 33.5 / 밑단 25,하의 (https://www.notion.so/158abb41507c8034aaedd143c3db8dc9?pvs=21),브라운,,,,2,"156,000",어나더오피스 / 2,,106.5,2025년 1월 2일 오전 11:03,슬랙스 (https://www.notion.so/158abb41507c807e9fb1cdf0f9938f8d?pvs=21),,42.5,34.5
리버스 원턱 와이드 히든 밴딩 슬랙스 브라운,"30,200원  (43,900원)",,"30,200",2023년 11월 24일,,,,,23.5,29,Yes,무신사스탠다드,,총장 105 / 허리 40 / 허벅지 35 / 밑위 29 / 밑단 23.5,하의 (https://www.notion.so/158abb41507c8034aaedd143c3db8dc9?pvs=21),브라운,,,,30,"43,900",무신사스탠다드 / 30,,105,2025년 1월 2일 오전 11:13,슬랙스 (https://www.notion.so/158abb41507c807e9fb1cdf0f9938f8d?pvs=21),,40,35
스테이02 벨티드 팬츠 루즈핏 오트밀,"60,000원  (88,000원)",,"60,000",2021년 5월 14일,,,,,22,39,Yes,이드,,총장 107 / 허리 40 / 허벅지 36.5 / 밑위 39 / 밑단 22,하의 (https://www.notion.so/158abb41507c8034aaedd143c3db8dc9?pvs=21),베이지,,,,M,"88,000",이드 / M,,107,2025년 1월 2일 오전 11:31,슬랙스 (https://www.notion.so/158abb41507c807e9fb1cdf0f9938f8d?pvs=21),,40,36.5
US ARMY FATIGUE 오리지널 레귤러핏,"185,900원  (427,200원)",,"185,900",2024년 10월 22일,,,,,21.5,29.5,Yes,오어슬로우,,총장 106.5 / 허리 40.5 / 허벅지 32.5 / 밑위 29.5 / 밑단 21.5,하의 (https://www.notion.so/158abb41507c8034aaedd143c3db8dc9?pvs=21),올리브/그린,,,,2,"427,200",오어슬로우 / 2,,106.5,2024년 12월 11일 오후 6:50,치노/퍼티그 (https://www.notion.so/158abb41507c80998e00cf4325258b4f?pvs=21),,40.5,32.5
코튼 대디 팬츠 베이지,"70,500원  (98,000원)",,"70,500",2023년 9월 24일,,,,,22.5,30,Yes,비얼디드키드,,총장 107 / 허리 41 / 허벅지 34 / 밑위 30 / 밑단 22.5,하의 (https://www.notion.so/158abb41507c8034aaedd143c3db8dc9?pvs=21),베이지,,,,S,"98,000",비얼디드키드 / S,,107,2025년 1월 2일 오전 11:15,치노/퍼티그 (https://www.notion.so/158abb41507c80998e00cf4325258b4f?pvs=21),,41,34
LOT.32 치노 트라우저 카키 / 32,"136,500원  (169,000원)",,"136,500",2023년 10월 1일,,,,,19,29.5,Yes,데밀,,총장 105 / 허리 41.5 / 허벅지 33.5 / 밑위 29.5 / 밑단 19,하의 (https://www.notion.so/158abb41507c8034aaedd143c3db8dc9?pvs=21),베이지,,,,32,"169,000",데밀 / 32,,105,2025년 1월 2일 오후 2:11,치노/퍼티그 (https://www.notion.so/158abb41507c80998e00cf4325258b4f?pvs=21),,41.5,33.5
레플리카 퍼티그 팬츠,"40,000원  (43,900원)",,"40,000",2023년 10월 12일,,,,,22.5,32.5,Yes,무신사스탠다드,,총장 107 / 허리 40 / 허벅지 32.3 / 밑위 32.5 / 밑단 22.5,하의 (https://www.notion.so/158abb41507c8034aaedd143c3db8dc9?pvs=21),올리브/그린,,,,30,"43,900",무신사스탠다드 / 30,,107,2025년 1월 2일 오전 11:15,치노/퍼티그 (https://www.notion.so/158abb41507c80998e00cf4325258b4f?pvs=21),,40,32.3
24SS Santiago Slacks (Black),"131,600원  (158,000원)",,"131,600",2024년 2월 24일,,,,,25,33.5,Yes,어나더오피스,,총장 107 / 허리 42.5 / 허벅지 34.5 / 밑위 33.5 / 밑단 25,하의 (https://www.notion.so/158abb41507c8034aaedd143c3db8dc9?pvs=21),블랙,,,,2,"158,000",어나더오피스 / 2,,107,2024년 12월 11일 오후 6:53,슬랙스 (https://www.notion.so/158abb41507c807e9fb1cdf0f9938f8d?pvs=21),,42.5,34.5
"#0214 Moderation indigo straight fit ","47,500원  (83,000원)",,"47,500",2021년 11월 26일,,,,,21.3,28,Yes,페이탈리즘,,총장 103 / 허리 40 / 허벅지 29.8 / 밑위 28 / 밑단 21.3,하의 (https://www.notion.so/158abb41507c8034aaedd143c3db8dc9?pvs=21),블루/네이비,,,,46,"83,000",페이탈리즘 / 46,,103,2025년 1월 2일 오전 11:22,데님 (https://www.notion.so/158abb41507c803090beeaa9ec90e11d?pvs=21),,40,29.8
1898 BLANK JEANS [WIDE STRAIGHT],"45,400원  (78,000원)",,"45,400",2023년 6월 26일,,,,,22.5,29.5,Yes,브랜디드,,총장 107 / 허리 40 / 허벅지 32 / 밑위 29.5 / 밑단 22.5,하의 (https://www.notion.so/158abb41507c8034aaedd143c3db8dc9?pvs=21),블루/네이비,,,,30,"78,000",브랜디드 / 30,,107,2025년 1월 2일 오전 11:16,데님 (https://www.notion.so/158abb41507c803090beeaa9ec90e11d?pvs=21),,40,32
51041 CANDIANI LIGHTNING OCEAN JEANS EXTRA WIDE STRAIGHT,"39,900원  (103,000원)",,"39,900",2023년 6월 25일,,,,,25,34.5,Yes,브랜디드,,총장 108 / 허리 40 / 허벅지 34 / 밑위 34.5 / 밑단 25,하의 (https://www.notion.so/158abb41507c8034aaedd143c3db8dc9?pvs=21),블루/네이비,,,,30,"103,000",브랜디드 / 30,,108,2025년 1월 2일 오전 11:17,데님 (https://www.notion.so/158abb41507c803090beeaa9ec90e11d?pvs=21),,40,34
#0199 Sensitive -B standard fit,"55,000원  (89,000원)",,"55,000",2021년 11월 22일,,,,,21,27,Yes,페이탈리즘,,총장 103 / 허리 40.5 / 허벅지 30 / 밑위 27 / 밑단 21,하의 (https://www.notion.so/158abb41507c8034aaedd143c3db8dc9?pvs=21),블루/네이비,,,,46,"89,000",페이탈리즘 / 46,,103,2025년 1월 2일 오전 11:23,데님 (https://www.notion.so/158abb41507c803090beeaa9ec90e11d?pvs=21),,40.5,30
23SS Santiago Denim Pants (Mid Blue),"140,000원  (164,000원)",,"140,000",2023년 6월 15일,,,,,24,33,Yes,어나더오피스,,총장 106 / 허리 42 / 허벅지 34 / 밑위 33 / 밑단 24,하의 (https://www.notion.so/158abb41507c8034aaedd143c3db8dc9?pvs=21),블루/네이비,,,,2,"164,000",어나더오피스 / 2,,106,2025년 1월 2일 오전 11:07,데님 (https://www.notion.so/158abb41507c803090beeaa9ec90e11d?pvs=21),,42,34
"Clean Deep One Tuck Denim Pants [Brown] ","38,200원  (45,000원)",,"38,200",2023년 10월 11일,,,,,24,35,Yes,제로,,총장 105 / 허리 40.5 / 허벅지 33 / 밑위 35 / 밑단 24,하의 (https://www.notion.so/158abb41507c8034aaedd143c3db8dc9?pvs=21),브라운,,,,L,"45,000",제로 / L,,105,2025년 1월 2일 오전 11:14,데님 (https://www.notion.so/158abb41507c803090beeaa9ec90e11d?pvs=21),,40.5,33
LOT.026 헐리우드 슬림 데님 오프 화이트,"81,700원  (119,000원)",,"81,700",2023년 10월 1일,,,,,24,35,Yes,데밀,,총장 105.5 / 허리 40.5 / 허벅지 33 / 밑위 35 / 밑단 24,하의 (https://www.notion.so/158abb41507c8034aaedd143c3db8dc9?pvs=21),화이트,,,,30,"119,000",데밀 / 30,,105.5,2025년 1월 2일 오전 11:15,데님 (https://www.notion.so/158abb41507c803090beeaa9ec90e11d?pvs=21),,40.5,33
One Tuck Curve Denim Pants_ Washed Blue,"137,700원  (153,000원)",,"137,700",2024년 5월 1일,,,,,22,35.5,Yes,아트이프액츠,,총장 105 / 허리 40 / 밑위 35.5 / 밑단 22,하의 (https://www.notion.so/158abb41507c8034aaedd143c3db8dc9?pvs=21),블루/네이비,,,,M,"153,000",아트이프액츠 / M,,105,2025년 1월 2일 오후 2:13,데님 (https://www.notion.so/158abb41507c803090beeaa9ec90e11d?pvs=21),,40,0
One Tuck Curve Denim Pants_ Washed Black,"137,700원  (153,000원)",,"137,700",2024년 5월 1일,,,,,22,35.5,Yes,아트이프액츠,,총장 105 / 허리 40 / 밑위 35.5 / 밑단 22,하의 (https://www.notion.so/158abb41507c8034aaedd143c3db8dc9?pvs=21),블랙,,,,M,"153,000",아트이프액츠 / M,,105,2025년 1월 2일 오후 2:13,데님 (https://www.notion.so/158abb41507c803090beeaa9ec90e11d?pvs=21),,40,0
트루 와이드 데님 팬츠 - 빈티지 카키,"148,200원  (156,000원)",,"148,200",2024년 8월 6일,,,,,28,33.5,Yes,벨리에,,총장 110 / 허리 40 / 허벅지 35 / 밑위 33.5 / 밑단 28,하의 (https://www.notion.so/158abb41507c8034aaedd143c3db8dc9?pvs=21),그레이/실버,,,,30,"156,000",벨리에 / 30,,110,2024년 12월 11일 오후 8:10,데님 (https://www.notion.so/158abb41507c803090beeaa9ec90e11d?pvs=21),,40,35
Down Sandal - PERMANENT (Mountain Khaki),"37,700원  (59,000원)",,"37,700",2024년 11월 13일,,,,,,,Yes,수부,,,신발 (https://www.notion.so/158abb41507c801cb77bde899c7b4437?pvs=21),올리브/그린,,0,,2,"59,000",수부 / 2,,,2024년 12월 11일 오후 7:15,샌들 (https://www.notion.so/159abb41507c8045b725f18452725873?pvs=21),,,
미드나잇 글림 브레이슬릿,"69,500원  (69,500원)",,"69,500",2024년 9월 21일,,,,,,,Yes,벨리에,,총장 23.3,악세사리 (https://www.notion.so/158abb41507c801ca01ce7507f043e8c?pvs=21),그레이/실버,,,,F,"69,500",벨리에 / F,,23.3,2024년 12월 11일 오후 8:10,시계/팔찌/반지 (https://www.notion.so/158abb41507c80478077e48e38c3d014?pvs=21),,,
Cove Typewriter Resort Loose Pants Charcoal,"129,000원  (129,000원)",,"129,000",2024년 4월 29일,,,,,23.5,33,Yes,홀리선,,총장 106 / 허리 41 / 허벅지 36 / 밑위 33 / 밑단 23.5,하의 (https://www.notion.so/158abb41507c8034aaedd143c3db8dc9?pvs=21),그레이/실버,,,,M,"129,000",홀리선 / M,,106,2025년 1월 2일 오전 11:13,린넨/나일론 (https://www.notion.so/158abb41507c80228f69ee0c78e226e8?pvs=21),,41,36
Peninsula Elastic Braided Leather Belt Olive,"0원  (125,000원)",,0,2024년 4월 29일,,,,,,,Yes,홀리선,,폭 3 / 총장 110,악세사리 (https://www.notion.so/158abb41507c801ca01ce7507f043e8c?pvs=21),올리브/그린,,,,M,"125,000",홀리선 / M,,110,2025년 1월 2일 오전 11:13,벨트 (https://www.notion.so/158abb41507c8018b904f3d585897a1d?pvs=21),3,,
라인 D 비즈니스 남성 벨트 CJ6640120,"0원  (450,000원)",,0,2016년 1월 1일,,,,,,,Yes,듀퐁,,폭 3 / 총장 110,악세사리 (https://www.notion.so/158abb41507c801ca01ce7507f043e8c?pvs=21),블랙,,,,F,"450,000",듀퐁 / F,,110,2025년 1월 2일 오전 11:43,벨트 (https://www.notion.so/158abb41507c8018b904f3d585897a1d?pvs=21),3,,
나일론 원턱 팬츠 청록,"43,400원  (62,000원)",,"43,400",2023년 3월 29일,,,,,24,30,Yes,슬로우레코드하우스,,총장 102 / 허리 31.5 / 허벅지 31.5 / 밑위 30 / 밑단 24,하의 (https://www.notion.so/158abb41507c8034aaedd143c3db8dc9?pvs=21),블루/네이비,,,,M,"62,000",슬로우레코드하우스 / M,,102,2025년 1월 2일 오전 11:08,린넨/나일론 (https://www.notion.so/158abb41507c80228f69ee0c78e226e8?pvs=21),,31.5,31.5
TD5-PT02 원턱 스트링 팬츠 - 브라운,"53,500원  (73,500원)",,"53,500",2023년 3월 29일,,,,,28,36,Yes,토마스모어,,총장 103 / 허리 38 / 허벅지 36.5 / 밑위 36 / 밑단 28,하의 (https://www.notion.so/158abb41507c8034aaedd143c3db8dc9?pvs=21),브라운,,,,M,"73,500",토마스모어 / M,,103,2025년 1월 2일 오전 11:09,린넨/나일론 (https://www.notion.so/158abb41507c80228f69ee0c78e226e8?pvs=21),,38,36.5
코튼 린넨 투 턱 와이드 팬츠 라이트 베이지,"34,600원  (46,900원)",,"34,600",2023년 4월 29일,,,,,24.5,30.5,Yes,무신사스탠다드,,총장 105 / 허리 40 / 허벅지 36.25 / 밑위 30.5 / 밑단 24.5,하의 (https://www.notion.so/158abb41507c8034aaedd143c3db8dc9?pvs=21),베이지,,,,30,"46,900",무신사스탠다드 / 30,,105,2025년 1월 2일 오전 11:17,린넨/나일론 (https://www.notion.so/158abb41507c80228f69ee0c78e226e8?pvs=21),,40,36.25
Traditional One Tuck Linen Denim _ natural,"59,000원  (59,000원)",,"59,000",2023년 7월 20일,,,,,25,31.5,Yes,레스겟모어,,총장 104.5 / 허리 39 / 허벅지 31.5 / 밑위 31.5 / 밑단 25,하의 (https://www.notion.so/158abb41507c8034aaedd143c3db8dc9?pvs=21),베이지,,,,30,"59,000",레스겟모어 / 30,,104.5,2025년 1월 2일 오후 1:21,린넨/나일론 (https://www.notion.so/158abb41507c80228f69ee0c78e226e8?pvs=21),,39,31.5
"루즈핏 트레이닝 스웨트 팬츠 멜란지 그레이(기모) ","20,100원  (29,800원)",,"20,100",2023년 2월 1일,,,,,21,31.5,Yes,브렌슨,,총장 103 / 허리 36 / 허벅지 32.5 / 밑위 31.5 / 밑단 21,하의 (https://www.notion.so/158abb41507c8034aaedd143c3db8dc9?pvs=21),그레이/실버,,,,L,"29,800",브렌슨 / L,,103,2025년 1월 2일 오전 11:19,스웨트/코듀로이 (https://www.notion.so/158abb41507c8081b174fb97a3b47ad3?pvs=21),,36,32.5
루즈핏 트레이닝 스웨트 팬츠 오트밀,"19,200원  (29,800원)",,"19,200",2023년 2월 1일,,,,,21,31.5,Yes,브렌슨,,총장 103 / 허리 36 / 허벅지 32.5 / 밑위 31.5 / 밑단 21,하의 (https://www.notion.so/158abb41507c8034aaedd143c3db8dc9?pvs=21),베이지,,,,L,"29,800",브렌슨 / L,,103,2025년 1월 2일 오전 11:19,스웨트/코듀로이 (https://www.notion.so/158abb41507c8081b174fb97a3b47ad3?pvs=21),,36,32.5
"UNI 바시티 와이드 조거팬츠 ","84,900원  (89,900원)",,"84,900",2022년 12월 8일,,,,,0,0,Yes,뉴발란스,,,하의 (https://www.notion.so/158abb41507c8034aaedd143c3db8dc9?pvs=21),올리브/그린,,,,S,"89,900",뉴발란스 / S,,0,2025년 1월 2일 오후 1:08,스웨트/코듀로이 (https://www.notion.so/158abb41507c8081b174fb97a3b47ad3?pvs=21),,0,0
버뮤다원턱 하프팬츠 BLACK,"27,900원  (45,000원)",,"27,900",2023년 6월 30일,,,,,35,37,Yes,라퍼지스토어,,총장 56 / 허리 31 / 허벅지 37 / 밑위 37 / 밑단 35,하의 (https://www.notion.so/158abb41507c8034aaedd143c3db8dc9?pvs=21),블랙,,,,M,"45,000",라퍼지스토어 / M,,56,2025년 1월 2일 오전 11:16,반바지 (https://www.notion.so/158abb41507c803c8695ca4f41ed8c47?pvs=21),,31,37
BERMUDA PANTS 708 CHARCOAL,"13,000원  (65,000원)",,"13,000",2023년 11월 11일,,,,,32,38.4,Yes,노티카,,총장 60 / 허리 35.5 / 허벅지 42.2 / 밑위 38.4 / 밑단 32,하의 (https://www.notion.so/158abb41507c8034aaedd143c3db8dc9?pvs=21),블랙,,,,M,"65,000",노티카 / M,,60,2025년 1월 2일 오전 11:06,반바지 (https://www.notion.so/158abb41507c803c8695ca4f41ed8c47?pvs=21),,35.5,42.2
BERMUDA PANTS 708 BEIGE,"13,000원  (65,000원)",,"13,000",2023년 11월 11일,,,,,32,38.4,Yes,노티카,,총장 60 / 허리 35.5 / 허벅지 42.2 / 밑위 38.4 / 밑단 32,하의 (https://www.notion.so/158abb41507c8034aaedd143c3db8dc9?pvs=21),베이지,,,,M,"65,000",노티카 / M,,60,2025년 1월 2일 오전 11:06,반바지 (https://www.notion.so/158abb41507c803c8695ca4f41ed8c47?pvs=21),,35.5,42.2
M1906RP Gray,"161,000원  (169,000원)",,"161,000",2023년 7월 21일,,,,,,,Yes,뉴발란스,,신발 사이즈 260,신발 (https://www.notion.so/158abb41507c801cb77bde899c7b4437?pvs=21),화이트,,260,,260,"169,000",뉴발란스 / 260,,,2025년 1월 2일 오후 1:37,스니커즈 (https://www.notion.so/159abb41507c80fb92c8cc6ba10fbafe?pvs=21),,,
MT580AC2 Khaki,"138,000원  (149,000원)",,"138,000",2023년 1월 30일,,,,,,,Yes,뉴발란스,,신발 사이즈 260,신발 (https://www.notion.so/158abb41507c801cb77bde899c7b4437?pvs=21),올리브/그린,,260,,260,"149,000",뉴발란스 / 260,,,2025년 1월 2일 오전 11:46,스니커즈 (https://www.notion.so/159abb41507c80fb92c8cc6ba10fbafe?pvs=21),,,
CM996BG,"125,100원  (139,000원)",,"125,100",2023년 11월 14일,,,,,,,Yes,뉴발란스,,신발 사이즈 265,신발 (https://www.notion.so/158abb41507c801cb77bde899c7b4437?pvs=21),그레이/실버,,265,,265,"139,000",뉴발란스 / 265,,,2025년 1월 2일 오후 1:37,스니커즈 (https://www.notion.so/159abb41507c80fb92c8cc6ba10fbafe?pvs=21),,,
BLUCHER 12 Leather Red,"275,500원  (290,000원)",,"275,500",2023년 10월 1일,,,,,,,Yes,그라더스,,신발 사이즈 255,신발 (https://www.notion.so/158abb41507c801cb77bde899c7b4437?pvs=21),레드,,255,,255,"290,000",그라더스 / 255,,,2025년 1월 2일 오후 2:02,스니커즈 (https://www.notion.so/159abb41507c80fb92c8cc6ba10fbafe?pvs=21),,,
척테일러 1970S 로우 화이트,"0원  (85,000원)",,0,2023년 4월 7일,,,,,,,Yes,컨버스,,신발 사이즈 260,신발 (https://www.notion.so/158abb41507c801cb77bde899c7b4437?pvs=21),화이트,,260,,260,"85,000",컨버스 / 260,,,2025년 1월 2일 오후 1:59,스니커즈 (https://www.notion.so/159abb41507c80fb92c8cc6ba10fbafe?pvs=21),,,
BW 독일군 스니커즈,"129,000원  (139,000원)",,"129,000",2019년 1월 1일,,,,,,,Yes,아디다스,,신발 사이즈 260,신발 (https://www.notion.so/158abb41507c801cb77bde899c7b4437?pvs=21),화이트,,260,,260,"139,000",아디다스 / 260,,,2025년 1월 2일 오전 11:42,스니커즈 (https://www.notion.so/159abb41507c80fb92c8cc6ba10fbafe?pvs=21),,,
BLUCHER 09 leather gum white,"174,000원  (290,000원)",,"174,000",2023년 12월 5일,,,,,,,Yes,그라더스,,신발 사이즈 265,신발 (https://www.notion.so/158abb41507c801cb77bde899c7b4437?pvs=21),베이지,,265,,265,"290,000",그라더스 / 265,,,2024년 12월 11일 오후 7:51,스니커즈 (https://www.notion.so/159abb41507c80fb92c8cc6ba10fbafe?pvs=21),,,
993 Made in USA Gray,"278,000원  (270,000원)",,"278,000",2024년 10월 27일,,,,,,,Yes,뉴발란스,,신발 사이즈 270,신발 (https://www.notion.so/158abb41507c801cb77bde899c7b4437?pvs=21),그레이/실버,,270,,270,"270,000",뉴발란스 / 270,,,2024년 12월 11일 오후 8:10,스니커즈 (https://www.notion.so/159abb41507c80fb92c8cc6ba10fbafe?pvs=21),,,
530 DARK MUSHROOM,"149,000원  (149,000원)",,"149,000",2024년 11월 13일,,,,,,,Yes,뉴발란스,,신발 사이즈 270,신발 (https://www.notion.so/158abb41507c801cb77bde899c7b4437?pvs=21),브라운,,270,,270,"149,000",뉴발란스 / 270,,,2024년 12월 11일 오후 7:54,스니커즈 (https://www.notion.so/159abb41507c80fb92c8cc6ba10fbafe?pvs=21),,,
미카엘 블랙,"280,000원  (699,000원)",,"280,000",2023년 9월 1일,,,,,,,Yes,파라부트,,신발 사이즈 260,신발 (https://www.notion.so/158abb41507c801cb77bde899c7b4437?pvs=21),블랙,,260,,41,"699,000",파라부트 / 41,,,2025년 1월 2일 오후 1:31,구두 (https://www.notion.so/158abb41507c80eaaa1dc74501ded78b?pvs=21),,,
BRONSON Slip-On,0원  (0원),,0,2014년 1월 1일,,,,,,,Yes,락포트,,신발 사이즈 265,신발 (https://www.notion.so/158abb41507c801cb77bde899c7b4437?pvs=21),블랙,,265,,265,0,락포트 / 265,,,2025년 1월 2일 오후 1:20,구두 (https://www.notion.so/158abb41507c80eaaa1dc74501ded78b?pvs=21),,,
CU3958-002 온 덱 플립플랍,"0원  (37,800원)",,0,2018년 10월 1일,,,,,,,Yes,나이키,,신발 사이즈 260,신발 (https://www.notion.so/158abb41507c801cb77bde899c7b4437?pvs=21),블랙,,260,,260,"37,800",나이키 / 260,,,2025년 1월 2일 오전 11:42,샌들 (https://www.notion.so/159abb41507c8045b725f18452725873?pvs=21),,,
에코 클로그 앳모스피어,"72,100원  (84,900원)",,"72,100",2023년 6월 28일,,,,,,,Yes,크록스,,신발 사이즈 260,신발 (https://www.notion.so/158abb41507c801cb77bde899c7b4437?pvs=21),그레이/실버,,260,,260,"84,900",크록스 / 260,,,2025년 1월 2일 오후 1:25,샌들 (https://www.notion.so/159abb41507c8045b725f18452725873?pvs=21),,,
BLUCHER 10 Suede Milk,"275,500원  (290,000원)",,"275,500",2023년 10월 1일,,,,,,,Yes,그라더스,,신발 사이즈 260,신발 (https://www.notion.so/158abb41507c801cb77bde899c7b4437?pvs=21),베이지,,260,,260,"290,000",그라더스 / 260,,,2025년 1월 2일 오후 2:02,부츠 (https://www.notion.so/159abb41507c8075a670d3e0facd6a40?pvs=21),,,
Mens Weather or Not Boot,0원  (0원),,0,2015년 1월 1일,,,,,,,Yes,락포트,,신발 사이즈 260,신발 (https://www.notion.so/158abb41507c801cb77bde899c7b4437?pvs=21),블랙,,260,,260,0,락포트 / 260,,,2025년 1월 2일 오전 11:42,부츠 (https://www.notion.so/159abb41507c8075a670d3e0facd6a40?pvs=21),,,
WALLABE 26155515,"206,400원  (258,000원)",,"206,400",2023년 12월 1일,,,,,,,Yes,클락스,,신발 사이즈 260,신발 (https://www.notion.so/158abb41507c801cb77bde899c7b4437?pvs=21),베이지,,260,,260,"258,000",클락스 / 260,,,2025년 1월 2일 오후 2:06,부츠 (https://www.notion.so/159abb41507c8075a670d3e0facd6a40?pvs=21),,,
TD3-AC01 피카소 벨트-블랙,"28,000원  (35,000원)",,"28,000",2023년 9월 2일,,,,,,,Yes,토마스모어,,폭 2.5 / 총장 111,악세사리 (https://www.notion.so/158abb41507c801ca01ce7507f043e8c?pvs=21),블랙,,,,M,"35,000",토마스모어 / M,,111,2025년 1월 2일 오전 11:05,벨트 (https://www.notion.so/158abb41507c8018b904f3d585897a1d?pvs=21),2.5,,
WB SILK TIE (navy),"55,300원  (69,000원)",,"55,300",2023년 10월 5일,,,,,,,Yes,와일드브릭스,,폭 8 / 총장 150,악세사리 (https://www.notion.so/158abb41507c801ca01ce7507f043e8c?pvs=21),올리브/그린,,,,F,"69,000",와일드브릭스 / F,,150,2025년 1월 2일 오전 11:04,넥타이 (https://www.notion.so/158abb41507c80989bf7ef6e830d6559?pvs=21),8,,
남성 레더 카드 홀더 블랙,"448,000원  (760,000원)",,"448,000",2023년 6월 29일,,,,,,,Yes,프라다,,,악세사리 (https://www.notion.so/158abb41507c801ca01ce7507f043e8c?pvs=21),블랙,,,,F,"760,000",프라다 / F,,0,2025년 1월 2일 오전 11:16,지갑 (https://www.notion.so/158abb41507c80d69c1bfee3a5a3b304?pvs=21),,,
Bless Wool Finger Gloves Melange Gray,"49,000원  (49,000원)",,"49,000",2023년 11월 13일,,,,,,,Yes,홀리선,,,악세사리 (https://www.notion.so/158abb41507c801ca01ce7507f043e8c?pvs=21),그레이/실버,,,,F,"49,000",홀리선 / F,,0,2025년 1월 2일 오전 11:03,머플러/장갑 (https://www.notion.so/158abb41507c80359bf0e49fb71d18f1?pvs=21),0,,
Skiff Superfine Wool Knit Rib Muffler Rust Orange,"74,000원  (74,000원)",,"74,000",2023년 12월 10일,,,,,,,Yes,홀리선,,폭 16 / 총장 185,악세사리 (https://www.notion.so/158abb41507c801ca01ce7507f043e8c?pvs=21),오렌지,,,,F,"74,000",홀리선 / F,,185,2025년 1월 2일 오전 11:04,머플러/장갑 (https://www.notion.so/158abb41507c80359bf0e49fb71d18f1?pvs=21),16,,
Skiff Superfine Wool Knit Rib Muffler Opal Gray,"74,000원  (74,000원)",,"74,000",2023년 10월 11일,,,,,,,Yes,홀리선,,폭 16 / 총장 185,악세사리 (https://www.notion.so/158abb41507c801ca01ce7507f043e8c?pvs=21),그레이/실버,,,,F,"74,000",홀리선 / F,,185,2025년 1월 2일 오전 11:04,머플러/장갑 (https://www.notion.so/158abb41507c80359bf0e49fb71d18f1?pvs=21),16,,
캐시미어머플러 인디블루,"60,000원  (98,000원)",,"60,000",2023년 12월 1일,,,,,,,Yes,고비,,폭 30 / 총장 170,악세사리 (https://www.notion.so/158abb41507c801ca01ce7507f043e8c?pvs=21),블루/네이비,,,,F,"98,000",고비 / F,,170,2025년 1월 2일 오후 1:29,머플러/장갑 (https://www.notion.so/158abb41507c80359bf0e49fb71d18f1?pvs=21),30,,
"PLANET W - 004 : DOUBLE LINE STONE BRACELET BROWN&BEIGE ","39,900원  (57,800원)",,"39,900",2023년 9월 14일,,,,,,,Yes,크레이터스,,총장 18.5,악세사리 (https://www.notion.so/158abb41507c801ca01ce7507f043e8c?pvs=21),브라운,,,,F,"57,800",크레이터스 / F,,18.5,2025년 1월 2일 오전 11:41,시계/팔찌/반지 (https://www.notion.so/158abb41507c80478077e48e38c3d014?pvs=21),,,
Layred Ring (Man),"196,000원  (198,000원)",,"196,000",2024년 6월 10일,,,,,,,Yes,유스,,,악세사리 (https://www.notion.so/158abb41507c801ca01ce7507f043e8c?pvs=21),그레이/실버,,,,18,"198,000",유스 / 18,,,2024년 12월 11일 오후 8:11,시계/팔찌/반지 (https://www.notion.so/158abb41507c80478077e48e38c3d014?pvs=21),,,
애플워치 SE2 40mm,"149,000원  (329,000원)",,"149,000",2023년 10월 15일,,,,,,,Yes,애플,,,악세사리 (https://www.notion.so/158abb41507c801ca01ce7507f043e8c?pvs=21),화이트,,,,40,"329,000",애플 / 40,,0,2025년 1월 2일 오후 1:35,시계/팔찌/반지 (https://www.notion.so/158abb41507c80478077e48e38c3d014?pvs=21),,,
덕캡 Black,"69,000원  (69,000원)",,"69,000",2023년 12월 1일,13,,62,,,,Yes,유세지,,둘레길이 62 / 챙길이 9 / 높이 13,악세사리 (https://www.notion.so/158abb41507c801ca01ce7507f043e8c?pvs=21),블랙,,,,F,"69,000",유세지 / F,9,,2025년 1월 2일 오전 11:41,모자 (https://www.notion.so/158abb41507c809185f1cc87abfb3a99?pvs=21),,,
REVERSIBLE BUCKET HAT 012 NAVY,"15,000원  (45,000원)",,"15,000",2023년 11월 11일,8.5,,60,,,,Yes,노티카,,둘레길이 60 / 챙길이 5.5 / 높이 8.5,악세사리 (https://www.notion.so/158abb41507c801ca01ce7507f043e8c?pvs=21),블루/네이비,,,,F,"45,000",노티카 / F,5.5,,2025년 1월 2일 오후 1:23,모자 (https://www.notion.so/158abb41507c809185f1cc87abfb3a99?pvs=21),,,
GH LETTERING BALL CAP 015 BLUE,"13,500원  (45,000원)",,"13,500",2023년 11월 11일,17,,60,,,,Yes,노티카,,둘레길이 60 / 챙길이 7 / 높이 17,악세사리 (https://www.notion.so/158abb41507c801ca01ce7507f043e8c?pvs=21),블루/네이비,,,,F,"45,000",노티카 / F,7,,2025년 1월 2일 오후 1:20,모자 (https://www.notion.so/158abb41507c809185f1cc87abfb3a99?pvs=21),,,
오데사 볼캡,"34,000원  (34,000원)",,"34,000",2020년 1월 1일,11,,59,,,,Yes,칼하트,,둘레길이 59 / 챙길이 7 / 높이 11,악세사리 (https://www.notion.so/158abb41507c801ca01ce7507f043e8c?pvs=21),브라운,,,,F,"34,000",칼하트 / F,7,,2025년 1월 2일 오후 2:06,모자 (https://www.notion.so/158abb41507c809185f1cc87abfb3a99?pvs=21),,,
CD CLASSIC LOGO CAP (green),"38,300원  (49,000원)",,"38,300",2023년 10월 15일,0,,60,,,,Yes,와일드브릭스,,둘레길이 60,악세사리 (https://www.notion.so/158abb41507c801ca01ce7507f043e8c?pvs=21),올리브/그린,,,,F,"49,000",와일드브릭스 / F,0,,2025년 1월 2일 오전 11:04,모자 (https://www.notion.so/158abb41507c809185f1cc87abfb3a99?pvs=21),,,
"엠블럼 로고 볼 캡 ","26,700원  (31,500원)",,"26,700",2021년 12월 20일,17,,62,,,,Yes,오우너,,둘레길이 62 / 챙길이 7.5 / 높이 17,악세사리 (https://www.notion.so/158abb41507c801ca01ce7507f043e8c?pvs=21),올리브/그린,,,,F,"31,500",오우너 / F,7.5,,2025년 1월 2일 오전 11:10,모자 (https://www.notion.so/158abb41507c809185f1cc87abfb3a99?pvs=21),,,
23 B.S.C Logo Ballcap Hawaiian Sunset,"45,000원  (45,000원)",,"45,000",2024년 4월 29일,13,,60,,,,Yes,홀리선,,둘레길이 60 / 챙길이 7 / 높이 13,악세사리 (https://www.notion.so/158abb41507c801ca01ce7507f043e8c?pvs=21),레드,,,,F,"45,000",홀리선 / F,7,,2025년 1월 2일 오후 1:23,모자 (https://www.notion.so/158abb41507c809185f1cc87abfb3a99?pvs=21),,,
폴로 베어 캔버스 토트백 (GREEN),"0원  (189,000원)",,0,2023년 4월 7일,,,,,,,Yes,폴로랄프로렌,,,가방 (https://www.notion.so/158abb41507c80ca843ec96166d39be2?pvs=21),올리브/그린,,,,F,"189,000",폴로랄프로렌 / F,,,2025년 1월 2일 오후 1:59,토트백 (https://www.notion.so/159abb41507c805b9915c06ae34d99b6?pvs=21),,,
JW앤더슨 토트백,"39,900원  (39,900원)",,"39,900",2023년 11월 3일,,,,,,,Yes,유니클로,,,가방 (https://www.notion.so/158abb41507c80ca843ec96166d39be2?pvs=21),블랙,,,,F,"39,900",유니클로 / F,,,2025년 1월 2일 오후 1:55,토트백 (https://www.notion.so/159abb41507c805b9915c06ae34d99b6?pvs=21),,,
JENA 2WAY HELMET BAG,"388,000원  (388,000원)",,"388,000",2023년 9월 15일,,,,,,,Yes,요시다포터,,,가방 (https://www.notion.so/158abb41507c80ca843ec96166d39be2?pvs=21),블루/네이비,,,,F,"388,000",요시다포터 / F,,,2025년 1월 2일 오전 11:39,크로스백 (https://www.notion.so/159abb41507c801cb591ccaf38842b0c?pvs=21),,,
Leaf Bag (POP CORN),"218,000원  (218,000원)",,"218,000",2023년 10월 4일,,,,,,,Yes,HGBB Studio,,,가방 (https://www.notion.so/158abb41507c80ca843ec96166d39be2?pvs=21),베이지,,,,F,"218,000",HGBB Studio / F,,,2025년 1월 2일 오전 11:45,크로스백 (https://www.notion.so/159abb41507c801cb591ccaf38842b0c?pvs=21),,,
MJT03001,0원  (0원),,0,2015년 1월 1일,,,,,,,Yes,만다리나덕,,,가방 (https://www.notion.so/158abb41507c80ca843ec96166d39be2?pvs=21),블랙,,,,F,0,만다리나덕 / F,,,2025년 1월 2일 오전 11:45,크로스백 (https://www.notion.so/159abb41507c801cb591ccaf38842b0c?pvs=21),,,
CITY WALKER RUCKSACK 919 Charcoal,"0원  (129,000원)",,0,2024년 10월 20일,,,,,,,Yes,로우로우,,,가방 (https://www.notion.so/158abb41507c80ca843ec96166d39be2?pvs=21),그레이/실버,,,,F,"129,000",로우로우 / F,,,2025년 1월 2일 오전 11:40,백팩 (https://www.notion.so/159abb41507c808e902ada9bf3f9a9a4?pvs=21),,,
바랑 블랙,"113,000원  (113,000원)",,"113,000",2023년 11월 5일,,,,,,,Yes,무이,,,가방 (https://www.notion.so/158abb41507c80ca843ec96166d39be2?pvs=21),블랙,,,,F,"113,000",무이 / F,,,2025년 1월 2일 오전 11:45,백팩 (https://www.notion.so/159abb41507c808e902ada9bf3f9a9a4?pvs=21),,,
BELMON BACKPACK_DARK GREY (I1218001),0원  (0원),,0,2018년 9월 1일,,,,,,,Yes,쌤소나이트,,,가방 (https://www.notion.so/158abb41507c80ca843ec96166d39be2?pvs=21),블랙,,,,F,0,쌤소나이트 / F,,,2025년 1월 2일 오전 11:40,백팩 (https://www.notion.so/159abb41507c808e902ada9bf3f9a9a4?pvs=21),,,
Heimish Vest Mud,"208,000원  (258,000원)",56.5,"208,000",2024년 12월 11일,,,,,,,Yes,러프사이드,,총장 66 / 어깨 37.5 / 가슴 56.5,아우터 (https://www.notion.so/158abb41507c80e49979ce187c70e9c8?pvs=21),블랙,0,,37.5,F,"258,000",러프사이드 / F,,66,2025년 12월 27일 오후 1:32,바람막이/플리스 (https://www.notion.so/158abb41507c80da85f5e999e3b9c547?pvs=21),,,
Comfort Shirt,"139,500원  (189,000원)",61,"139,500",2024년 12월 18일,,,,,,,Yes,포터리,,총장 74 / 어깨 52.5 / 가슴 61 / 소매 58.5,상의 (https://www.notion.so/157abb41507c80f8896cd93d2dfc690d?pvs=21),화이트,58.5,,52.5,1,"189,000",포터리 / 1,,74,2024년 12월 19일 오전 11:28,셔츠 (긴팔) (https://www.notion.so/158abb41507c80e1b73ece73be1c6cba?pvs=21),,,
브로드오버사이즈셔츠(긴팔),"39,900원  (49,900원)",62,"39,900",2024년 12월 17일,,,,,,,Yes,유니클로,,총장 72 / 어깨 53.5 / 가슴 62,상의 (https://www.notion.so/157abb41507c80f8896cd93d2dfc690d?pvs=21),올리브/그린,0,,53.5,M,"49,900",유니클로 / M,,72,2024년 12월 19일 오후 12:04,셔츠 (긴팔) (https://www.notion.so/158abb41507c80e1b73ece73be1c6cba?pvs=21),,,
BEMAS X POLO RALPH LAUREN / Denim Shirt,"230,000원  (257,400원)",57.5,"230,000",2024년 10월 26일,,,,,,,Yes,폴로랄프로렌,,총장 81 / 어깨 47.5 / 가슴 57.5 / 소매 65.5,상의 (https://www.notion.so/157abb41507c80f8896cd93d2dfc690d?pvs=21),블루/네이비,65.5,,47.5,M,"257,400",폴로랄프로렌 / M,,81,2024년 12월 23일 오후 8:14,셔츠 (긴팔) (https://www.notion.so/158abb41507c80e1b73ece73be1c6cba?pvs=21),,,
Elastic Fatigue Pants Light Olive,"138,000원  (138,000원)",,"138,000",2024년 11월 1일,,,,,23.5,32,Yes,러프사이드,,총장 103 / 허리 39 / 허벅지 36 / 밑위 32 / 밑단 23.5,하의 (https://www.notion.so/158abb41507c8034aaedd143c3db8dc9?pvs=21),베이지,,,,2,"138,000",러프사이드 / 2,,103,2025년 12월 27일 오후 1:33,치노/퍼티그 (https://www.notion.so/158abb41507c80998e00cf4325258b4f?pvs=21),,39,36
Washed Border S/S Tee Moss,"43,200원  (72,000원)",58,"43,200",2024년 12월 30일,,,,,,,Yes,카키스,,총장 71 / 어깨 51 / 가슴 58 / 소매 25.5,상의 (https://www.notion.so/157abb41507c80f8896cd93d2dfc690d?pvs=21),올리브/그린,25.5,,51,L,"72,000",카키스 / L,,71,2024년 12월 31일 오후 7:56,티셔츠 (반팔) (https://www.notion.so/158abb41507c803f8190c880279ac614?pvs=21),,,
바닐라 스카이,"82,800원  (154,000원)",60.5,"82,800",2024년 12월 30일,,,,,,,Yes,퍼스트플로어,,총장 77.5 / 어깨 54 / 가슴 60.5 / 소매 61,상의 (https://www.notion.so/157abb41507c80f8896cd93d2dfc690d?pvs=21),블루/네이비,61,,54,48,"154,000",퍼스트플로어 / 48,,77.5,2024년 12월 31일 오후 8:01,셔츠 (긴팔) (https://www.notion.so/158abb41507c80e1b73ece73be1c6cba?pvs=21),,,
24FW 테디 쉐르파 베스트,"89,600원  (128,000원)",58.5,"89,600",2024년 12월 30일,,,,,,,Yes,우드비,,총장 66 / 어깨 43 / 가슴 58.5,아우터 (https://www.notion.so/158abb41507c80e49979ce187c70e9c8?pvs=21),와인/퍼플,0,,43,2,"128,000",우드비 / 2,,66,2024년 12월 31일 오후 8:04,바람막이/플리스 (https://www.notion.so/158abb41507c80da85f5e999e3b9c547?pvs=21),,,
여정 (Black),"95,000원  (138,000원)",,"95,000",2025년 1월 1일,,,,,,,Yes,더텅,,,가방 (https://www.notion.so/158abb41507c80ca843ec96166d39be2?pvs=21),블랙,,,,F,"138,000",더텅 / F,,,2025년 1월 2일 오전 10:23,크로스백 (https://www.notion.so/159abb41507c801cb591ccaf38842b0c?pvs=21),,,
알파바운드 슬라이드,"36,800원  (59,000원)",,"36,800",2022년 1월 3일,,,,,,,Yes,아디다스,,신발 사이즈 275,신발 (https://www.notion.so/158abb41507c801cb77bde899c7b4437?pvs=21),블랙,,275,,275,"59,000",아디다스 / 275,,,2025년 1월 2일 오전 11:21,샌들 (https://www.notion.so/159abb41507c8045b725f18452725873?pvs=21),,,
폴라 플리스 스웨트 팬츠,"15,500원  (32,000원)",,"15,500",2021년 11월 11일,,,,,13.3,30.5,Yes,무신사스탠다드,,총장 100 / 허리 36.5 / 허벅지 33.3 / 밑위 30.5 / 밑단 13.3,하의 (https://www.notion.so/158abb41507c8034aaedd143c3db8dc9?pvs=21),블랙,,,,M,"32,000",무신사스탠다드 / M,,100,2025년 1월 2일 오전 11:27,스웨트/코듀로이 (https://www.notion.so/158abb41507c8081b174fb97a3b47ad3?pvs=21),,36.5,33.3
(기모) 유니섹스 세미 와이드 밴딩 슬랙스,"29,600원  (57,000원)",,"29,600",2021년 11월 22일,,,,,22.5,33,Yes,후러브스아트,,총장 100 / 허리 32 / 허벅지 32 / 밑위 33 / 밑단 22.5,하의 (https://www.notion.so/158abb41507c8034aaedd143c3db8dc9?pvs=21),블랙,,,,L,"57,000",후러브스아트 / L,,100,2025년 1월 2일 오전 11:30,스웨트/코듀로이 (https://www.notion.so/158abb41507c8081b174fb97a3b47ad3?pvs=21),,32,32
"ALL WEATHER CARDIGAN ","48,000원  (123,000원)",57.5,"48,000",2024년 3월 4일,,,,,,,Yes,블랭크룸,,총장 65 / 어깨 47.5 / 가슴 57.5 / 소매 60.5,상의 (https://www.notion.so/157abb41507c80f8896cd93d2dfc690d?pvs=21),그레이/실버,60.5,,47.5,1,"123,000",블랭크룸 / 1,,65,2025년 1월 2일 오후 1:03,가디건 (https://www.notion.so/158abb41507c80a6960bf97b41bac13f?pvs=21),,,
UNI NB Boy 보스턴 반팔티 (OVER FIT),"39,900원  (49,900원)",59,"39,900",2024년 5월 12일,,,,,,,Yes,뉴발란스,,총장 70 / 어깨 53 / 가슴 59 / 소매 49.5,상의 (https://www.notion.so/157abb41507c80f8896cd93d2dfc690d?pvs=21),그레이/실버,49.5,,53,L,"49,900",뉴발란스 / L,,70,2025년 1월 2일 오후 1:42,티셔츠 (반팔) (https://www.notion.so/158abb41507c803f8190c880279ac614?pvs=21),,,
UNI IVY BOY&GIRL,"39,900원  (49,900원)",59,"39,900",2023년 5월 1일,,,,,,,Yes,뉴발란스,,총장 70 / 어깨 53 / 가슴 59 / 소매 49.5,상의 (https://www.notion.so/157abb41507c80f8896cd93d2dfc690d?pvs=21),블루/네이비,49.5,,53,L,"49,900",뉴발란스 / L,,70,2025년 1월 2일 오후 1:48,티셔츠 (반팔) (https://www.notion.so/158abb41507c803f8190c880279ac614?pvs=21),,,
히코리 워크셔츠,"29,900원  (29,900원)",62,"29,900",2023년 12월 4일,,,,,,,Yes,유니클로,,총장 76 / 어깨 52 / 가슴 62,상의 (https://www.notion.so/157abb41507c80f8896cd93d2dfc690d?pvs=21),블루/네이비,0,,52,L,"29,900",유니클로 / L,,76,2025년 1월 2일 오후 1:53,셔츠 (긴팔) (https://www.notion.so/158abb41507c80e1b73ece73be1c6cba?pvs=21),,,
턱와이드코듀로이팬츠 30 NATURAL,"19,900원  (29,900원)",,"19,900",2023년 9월 14일,,,,,22,30,Yes,유니클로,,허벅지 36 / 밑위 30 / 밑단 22,하의 (https://www.notion.so/158abb41507c8034aaedd143c3db8dc9?pvs=21),베이지,,,,M,"29,900",유니클로 / M,,,2025년 1월 2일 오후 1:57,스웨트/코듀로이 (https://www.notion.so/158abb41507c8081b174fb97a3b47ad3?pvs=21),,0,36
Moonstar 810s ET027 Marke Modi Beige,"78,400원  (112,000원)",,"78,400",2024년 6월 28일,,,,,,,Yes,문스타,,신발 사이즈 270,신발 (https://www.notion.so/158abb41507c801cb77bde899c7b4437?pvs=21),베이지,,270,,270,"112,000",문스타 / 270,,,2025년 1월 2일 오후 2:22,부츠 (https://www.notion.so/159abb41507c8075a670d3e0facd6a40?pvs=21),,,
Novablast 4 TR Nature Bathing Fellow Yellow,"188,000원  (188,000원)",,"188,000",2024년 5월 22일,,,,,,,Yes,아식스,,신발 사이즈 270,신발 (https://www.notion.so/158abb41507c801cb77bde899c7b4437?pvs=21),오렌지,,270,,270,"188,000",아식스 / 270,,,2025년 1월 2일 오후 2:27,스니커즈 (https://www.notion.so/159abb41507c80fb92c8cc6ba10fbafe?pvs=21),,,